--
-- PostgreSQL database dump
--

-- Dumped from database version 17.4
-- Dumped by pg_dump version 17.4

SET statement_timeout = 0;
SET lock_timeout = 0;
SET idle_in_transaction_session_timeout = 0;
SET transaction_timeout = 0;
SET client_encoding = 'UTF8';
SET standard_conforming_strings = on;
SELECT pg_catalog.set_config('search_path', '', false);
SET check_function_bodies = false;
SET xmloption = content;
SET client_min_messages = warning;
SET row_security = off;

SET default_tablespace = '';

SET default_table_access_method = heap;

--
-- Name: auth_user; Type: TABLE; Schema: public; Owner: postgres
--

CREATE TABLE public.auth_user (
    id integer NOT NULL,
    password character varying(128) NOT NULL,
    last_login timestamp with time zone,
    is_superuser boolean NOT NULL,
    username character varying(150) NOT NULL,
    first_name character varying(150) NOT NULL,
    last_name character varying(150) NOT NULL,
    email character varying(254) NOT NULL,
    is_staff boolean NOT NULL,
    is_active boolean NOT NULL,
    date_joined timestamp with time zone NOT NULL
);


ALTER TABLE public.auth_user OWNER TO postgres;

--
-- Name: auth_user_id_seq; Type: SEQUENCE; Schema: public; Owner: postgres
--

ALTER TABLE public.auth_user ALTER COLUMN id ADD GENERATED BY DEFAULT AS IDENTITY (
    SEQUENCE NAME public.auth_user_id_seq
    START WITH 1
    INCREMENT BY 1
    NO MINVALUE
    NO MAXVALUE
    CACHE 1
);


--
-- Name: news_category; Type: TABLE; Schema: public; Owner: postgres
--

CREATE TABLE public.news_category (
    id bigint NOT NULL,
    name character varying(100) NOT NULL,
    slug character varying(50) NOT NULL,
    description text NOT NULL
);


ALTER TABLE public.news_category OWNER TO postgres;

--
-- Name: news_category_id_seq; Type: SEQUENCE; Schema: public; Owner: postgres
--

ALTER TABLE public.news_category ALTER COLUMN id ADD GENERATED BY DEFAULT AS IDENTITY (
    SEQUENCE NAME public.news_category_id_seq
    START WITH 1
    INCREMENT BY 1
    NO MINVALUE
    NO MAXVALUE
    CACHE 1
);


--
-- Name: news_comment; Type: TABLE; Schema: public; Owner: postgres
--

CREATE TABLE public.news_comment (
    id bigint NOT NULL,
    content text NOT NULL,
    created_at timestamp with time zone NOT NULL,
    user_id integer NOT NULL,
    news_id bigint NOT NULL,
    is_approved boolean NOT NULL
);


ALTER TABLE public.news_comment OWNER TO postgres;

--
-- Name: news_comment_id_seq; Type: SEQUENCE; Schema: public; Owner: postgres
--

ALTER TABLE public.news_comment ALTER COLUMN id ADD GENERATED BY DEFAULT AS IDENTITY (
    SEQUENCE NAME public.news_comment_id_seq
    START WITH 1
    INCREMENT BY 1
    NO MINVALUE
    NO MAXVALUE
    CACHE 1
);


--
-- Name: news_news; Type: TABLE; Schema: public; Owner: postgres
--

CREATE TABLE public.news_news (
    id bigint NOT NULL,
    title character varying(200) NOT NULL,
    slug character varying(50) NOT NULL,
    content text NOT NULL,
    image character varying(100),
    published_at timestamp with time zone NOT NULL,
    updated_at timestamp with time zone NOT NULL,
    author_id integer NOT NULL,
    category_id bigint NOT NULL
);


ALTER TABLE public.news_news OWNER TO postgres;

--
-- Name: news_news_id_seq; Type: SEQUENCE; Schema: public; Owner: postgres
--

ALTER TABLE public.news_news ALTER COLUMN id ADD GENERATED BY DEFAULT AS IDENTITY (
    SEQUENCE NAME public.news_news_id_seq
    START WITH 1
    INCREMENT BY 1
    NO MINVALUE
    NO MAXVALUE
    CACHE 1
);


--
-- Name: news_newsimage; Type: TABLE; Schema: public; Owner: postgres
--

CREATE TABLE public.news_newsimage (
    id bigint NOT NULL,
    image character varying(100) NOT NULL,
    caption character varying(200) NOT NULL,
    created_at timestamp with time zone NOT NULL,
    news_id bigint NOT NULL
);


ALTER TABLE public.news_newsimage OWNER TO postgres;

--
-- Name: news_newsimage_id_seq; Type: SEQUENCE; Schema: public; Owner: postgres
--

ALTER TABLE public.news_newsimage ALTER COLUMN id ADD GENERATED BY DEFAULT AS IDENTITY (
    SEQUENCE NAME public.news_newsimage_id_seq
    START WITH 1
    INCREMENT BY 1
    NO MINVALUE
    NO MAXVALUE
    CACHE 1
);


--
-- Data for Name: auth_user; Type: TABLE DATA; Schema: public; Owner: postgres
--

INSERT INTO public.auth_user VALUES (2, 'pbkdf2_sha256$720000$3tx60SzW86QYrt6PrgXXhj$nQeQY1K4Nc2Y1pvZkHQx+YZiJL3Jg6Uyciq7YGq55SY=', '2026-05-11 10:02:25.281796-06', true, 'Victor', '', '', 'victor07mejor@gmail.com', true, true, '2026-05-11 09:51:06.900799-06');
INSERT INTO public.auth_user VALUES (3, 'pbkdf2_sha256$720000$hfUvh8P9qHOKBg1xNz94hn$HR5EvxvGvWBbBmly/oTn9XNJK0/4eNix1yFJuLO2pVQ=', NULL, true, 'admin', '', '', '', true, true, '2026-05-11 10:25:17.12491-06');
INSERT INTO public.auth_user VALUES (4, 'pbkdf2_sha256$720000$1WvVMgWxem43erFxpSY8My$CuaRK2a7BMmMdW9OwxyvUNURZqZ7QtEbKD9QiJe67xg=', '2026-05-27 11:14:46.326317-06', true, 'victor02', '', '', 'victor02@gmail.com', true, true, '2026-05-19 20:43:38.74804-06');
INSERT INTO public.auth_user VALUES (6, 'pbkdf2_sha256$720000$rjcb2oEQbR0ZmuPfdqcSYo$XFWLo7b6QqyTp9Mkj29gT/hnbZXG8e4J2EiBJCUlpCo=', '2026-05-27 11:21:49.859431-06', false, 'JoseF', '', '', '', false, true, '2026-05-27 11:21:33.700625-06');
INSERT INTO public.auth_user VALUES (1, 'pbkdf2_sha256$720000$uCes1AB4Y3urFdERiRSONf$rn036lN1IYVqSs8G8Y6eel1I1Ncycmww5fwMXlyXgLU=', '2026-05-27 13:36:40.445671-06', true, 'victor', '', '', 'victor07mejor@gmail.com', true, true, '2026-05-11 09:45:56.490639-06');
INSERT INTO public.auth_user VALUES (5, 'pbkdf2_sha256$720000$qsAGcJxGRGFQT8mTYuDBea$DJ62hrq6M92N8qm4w3wCaE0fhI75+H7Ev/6H/caoBV8=', '2026-05-27 13:40:19.421815-06', false, 'Aldry', '', '', '', false, true, '2026-05-27 11:04:20.737563-06');


--
-- Data for Name: news_category; Type: TABLE DATA; Schema: public; Owner: postgres
--

INSERT INTO public.news_category VALUES (1, 'Tecnología', 'tecnologia', 'Lo último en tech.');
INSERT INTO public.news_category VALUES (2, 'Economía', 'economia', 'Noticias económicas.');
INSERT INTO public.news_category VALUES (3, 'Industria', 'industria', 'Sector industrial.');


--
-- Data for Name: news_comment; Type: TABLE DATA; Schema: public; Owner: postgres
--

INSERT INTO public.news_comment VALUES (1, 'Excelente artículo, muy informativo.', '2026-05-11 10:25:17.694685-06', 3, 1, true);
INSERT INTO public.news_comment VALUES (3, 'me gusta el carrusel de HK', '2026-05-27 11:06:03.818799-06', 5, 3, true);
INSERT INTO public.news_comment VALUES (2, 'pruebaaaaaaa', '2026-05-27 11:05:15.974894-06', 5, 4, true);
INSERT INTO public.news_comment VALUES (4, 'Hola Victor', '2026-05-27 11:22:11.705812-06', 6, 4, true);
INSERT INTO public.news_comment VALUES (5, 'Yo también soy ganadero', '2026-05-27 11:22:48.159787-06', 6, 3, true);
INSERT INTO public.news_comment VALUES (6, 'Victor juega con las patas', '2026-05-27 11:23:13.505663-06', 6, 3, true);
INSERT INTO public.news_comment VALUES (7, 'revisando los relacionados', '2026-05-27 11:37:36.793079-06', 5, 2, true);
INSERT INTO public.news_comment VALUES (8, 'prueba final', '2026-05-27 13:00:05.955847-06', 5, 4, true);
INSERT INTO public.news_comment VALUES (9, 'me gusta el evento', '2026-05-27 13:40:39.481087-06', 5, 5, false);


--
-- Data for Name: news_news; Type: TABLE DATA; Schema: public; Owner: postgres
--

INSERT INTO public.news_news VALUES (2, 'Crecimiento del PIB en el Primer Trimestre', 'crecimiento-del-pib-en-el-primer-trimestre', '<blockquote><p>La economía muestra señales de resiliencia ante los retos globales.</p></blockquote><p>El reporte del primer trimestre indica un crecimiento sostenido impulsado por las exportaciones y el consumo interno. Los analistas sugieren que esta tendencia podría continuar si las tasas de interés se mantienen estables.</p>', 'news_images/8808585_orig.jpg', '2026-05-11 10:25:17.682821-06', '2026-05-11 10:55:05.398737-06', 3, 2);
INSERT INTO public.news_news VALUES (1, 'La Revolución de la IA en la Industria', 'la-revolucion-de-la-ia-en-la-industria', '<h2>El impacto de la IA</h2><p>La inteligencia artificial está transformando la manera en que operan las fábricas modernas. Con la implementación de <strong>algoritmos avanzados</strong>, la eficiencia ha subido un 30%.</p><ul><li>Automatización inteligente</li><li>Mantenimiento predictivo</li><li>Optimización de recursos</li></ul><p>Este es un cambio de paradigma sin precedentes.</p>', 'news_images/gnd-3.jpg', '2026-05-11 10:25:17.674929-06', '2026-05-11 10:55:20.218615-06', 3, 3);
INSERT INTO public.news_news VALUES (3, 'Nuevos Avances en Semiconductores', 'nuevos-avances-en-semiconductores', '<p>Investigadores han desarrollado un nuevo tipo de material que promete revolucionar la industria de los <i>semiconductores</i>. Este avance permitiría procesadores más rápidos y con menor consumo de energía.</p><p>Pruebas iniciales muestran una reducción del 40% en el calor generado.</p>', 'news_images/gnd-2.jpg', '2026-05-11 10:25:17.685921-06', '2026-05-26 16:00:39.224011-06', 3, 1);
INSERT INTO public.news_news VALUES (4, 'Articulo de prueba', 'articulo-de-prueba', '<h2>Hola pofe Zeas dkdkdkdkd</h2><p>dldkdd</p><p>kddkdkd</p>', 'news_images/aprender-programacion-web.jpg', '2026-05-26 17:07:32.231147-06', '2026-05-27 11:32:34.928437-06', 4, 2);
INSERT INTO public.news_news VALUES (5, 'conferencia', 'conferencia', '<p>conferencia</p>', 'news_images/aprender-programacion-web_j2crX3G.jpg', '2026-05-27 13:38:33.723132-06', '2026-05-27 13:38:33.723132-06', 1, 1);


--
-- Data for Name: news_newsimage; Type: TABLE DATA; Schema: public; Owner: postgres
--

INSERT INTO public.news_newsimage VALUES (1, 'news_gallery/ai_industry_1.png', 'Automatización Inteligente', '2026-05-11 10:41:09.777716-06', 1);
INSERT INTO public.news_newsimage VALUES (2, 'news_gallery/ai_industry_2.png', 'Componentes de Alta Precisión', '2026-05-11 10:41:09.782759-06', 1);
INSERT INTO public.news_newsimage VALUES (3, 'news_gallery/hollow-knight-silksong-apk.jpg', 'djdjdjdjd', '2026-05-26 16:00:39.234549-06', 3);
INSERT INTO public.news_newsimage VALUES (4, 'news_gallery/hollow-night-silksong.webp', 'djddjdj', '2026-05-26 16:00:39.245346-06', 3);
INSERT INTO public.news_newsimage VALUES (5, 'news_gallery/202512112215852_1.jpg', 'djdjdjdjdjd', '2026-05-26 16:00:39.248737-06', 3);
INSERT INTO public.news_newsimage VALUES (6, 'news_gallery/202512112215852_1_gsm93F6.jpg', 'Automatización Inteligente', '2026-05-26 17:07:32.248205-06', 4);
INSERT INTO public.news_newsimage VALUES (7, 'news_gallery/hollow-knight-silksong-apk_uiINbeL.jpg', 'ddkdkddk', '2026-05-26 17:07:32.252233-06', 4);
INSERT INTO public.news_newsimage VALUES (8, 'news_gallery/terry_triste.jpeg', 'Automatización Inteligente', '2026-05-27 13:38:33.764106-06', 5);


--
-- Name: auth_user_id_seq; Type: SEQUENCE SET; Schema: public; Owner: postgres
--

SELECT pg_catalog.setval('public.auth_user_id_seq', 6, true);


--
-- Name: news_category_id_seq; Type: SEQUENCE SET; Schema: public; Owner: postgres
--

SELECT pg_catalog.setval('public.news_category_id_seq', 3, true);


--
-- Name: news_comment_id_seq; Type: SEQUENCE SET; Schema: public; Owner: postgres
--

SELECT pg_catalog.setval('public.news_comment_id_seq', 9, true);


--
-- Name: news_news_id_seq; Type: SEQUENCE SET; Schema: public; Owner: postgres
--

SELECT pg_catalog.setval('public.news_news_id_seq', 5, true);


--
-- Name: news_newsimage_id_seq; Type: SEQUENCE SET; Schema: public; Owner: postgres
--

SELECT pg_catalog.setval('public.news_newsimage_id_seq', 8, true);


--
-- Name: auth_user auth_user_pkey; Type: CONSTRAINT; Schema: public; Owner: postgres
--

ALTER TABLE ONLY public.auth_user
    ADD CONSTRAINT auth_user_pkey PRIMARY KEY (id);


--
-- Name: auth_user auth_user_username_key; Type: CONSTRAINT; Schema: public; Owner: postgres
--

ALTER TABLE ONLY public.auth_user
    ADD CONSTRAINT auth_user_username_key UNIQUE (username);


--
-- Name: news_category news_category_pkey; Type: CONSTRAINT; Schema: public; Owner: postgres
--

ALTER TABLE ONLY public.news_category
    ADD CONSTRAINT news_category_pkey PRIMARY KEY (id);


--
-- Name: news_category news_category_slug_key; Type: CONSTRAINT; Schema: public; Owner: postgres
--

ALTER TABLE ONLY public.news_category
    ADD CONSTRAINT news_category_slug_key UNIQUE (slug);


--
-- Name: news_comment news_comment_pkey; Type: CONSTRAINT; Schema: public; Owner: postgres
--

ALTER TABLE ONLY public.news_comment
    ADD CONSTRAINT news_comment_pkey PRIMARY KEY (id);


--
-- Name: news_news news_news_pkey; Type: CONSTRAINT; Schema: public; Owner: postgres
--

ALTER TABLE ONLY public.news_news
    ADD CONSTRAINT news_news_pkey PRIMARY KEY (id);


--
-- Name: news_news news_news_slug_key; Type: CONSTRAINT; Schema: public; Owner: postgres
--

ALTER TABLE ONLY public.news_news
    ADD CONSTRAINT news_news_slug_key UNIQUE (slug);


--
-- Name: news_newsimage news_newsimage_pkey; Type: CONSTRAINT; Schema: public; Owner: postgres
--

ALTER TABLE ONLY public.news_newsimage
    ADD CONSTRAINT news_newsimage_pkey PRIMARY KEY (id);


--
-- Name: auth_user_username_6821ab7c_like; Type: INDEX; Schema: public; Owner: postgres
--

CREATE INDEX auth_user_username_6821ab7c_like ON public.auth_user USING btree (username varchar_pattern_ops);


--
-- Name: news_category_slug_8bf24efd_like; Type: INDEX; Schema: public; Owner: postgres
--

CREATE INDEX news_category_slug_8bf24efd_like ON public.news_category USING btree (slug varchar_pattern_ops);


--
-- Name: news_comment_news_id_18ce08a8; Type: INDEX; Schema: public; Owner: postgres
--

CREATE INDEX news_comment_news_id_18ce08a8 ON public.news_comment USING btree (news_id);


--
-- Name: news_comment_user_id_ed6ce0db; Type: INDEX; Schema: public; Owner: postgres
--

CREATE INDEX news_comment_user_id_ed6ce0db ON public.news_comment USING btree (user_id);


--
-- Name: news_news_author_id_9f88be71; Type: INDEX; Schema: public; Owner: postgres
--

CREATE INDEX news_news_author_id_9f88be71 ON public.news_news USING btree (author_id);


--
-- Name: news_news_category_id_f060a768; Type: INDEX; Schema: public; Owner: postgres
--

CREATE INDEX news_news_category_id_f060a768 ON public.news_news USING btree (category_id);


--
-- Name: news_news_slug_2b9132f1_like; Type: INDEX; Schema: public; Owner: postgres
--

CREATE INDEX news_news_slug_2b9132f1_like ON public.news_news USING btree (slug varchar_pattern_ops);


--
-- Name: news_newsimage_news_id_b9f32414; Type: INDEX; Schema: public; Owner: postgres
--

CREATE INDEX news_newsimage_news_id_b9f32414 ON public.news_newsimage USING btree (news_id);


--
-- Name: news_comment news_comment_news_id_18ce08a8_fk_news_news_id; Type: FK CONSTRAINT; Schema: public; Owner: postgres
--

ALTER TABLE ONLY public.news_comment
    ADD CONSTRAINT news_comment_news_id_18ce08a8_fk_news_news_id FOREIGN KEY (news_id) REFERENCES public.news_news(id) DEFERRABLE INITIALLY DEFERRED;


--
-- Name: news_comment news_comment_user_id_ed6ce0db_fk_auth_user_id; Type: FK CONSTRAINT; Schema: public; Owner: postgres
--

ALTER TABLE ONLY public.news_comment
    ADD CONSTRAINT news_comment_user_id_ed6ce0db_fk_auth_user_id FOREIGN KEY (user_id) REFERENCES public.auth_user(id) DEFERRABLE INITIALLY DEFERRED;


--
-- Name: news_news news_news_author_id_9f88be71_fk_auth_user_id; Type: FK CONSTRAINT; Schema: public; Owner: postgres
--

ALTER TABLE ONLY public.news_news
    ADD CONSTRAINT news_news_author_id_9f88be71_fk_auth_user_id FOREIGN KEY (author_id) REFERENCES public.auth_user(id) DEFERRABLE INITIALLY DEFERRED;


--
-- Name: news_news news_news_category_id_f060a768_fk_news_category_id; Type: FK CONSTRAINT; Schema: public; Owner: postgres
--

ALTER TABLE ONLY public.news_news
    ADD CONSTRAINT news_news_category_id_f060a768_fk_news_category_id FOREIGN KEY (category_id) REFERENCES public.news_category(id) DEFERRABLE INITIALLY DEFERRED;


--
-- Name: news_newsimage news_newsimage_news_id_b9f32414_fk_news_news_id; Type: FK CONSTRAINT; Schema: public; Owner: postgres
--

ALTER TABLE ONLY public.news_newsimage
    ADD CONSTRAINT news_newsimage_news_id_b9f32414_fk_news_news_id FOREIGN KEY (news_id) REFERENCES public.news_news(id) DEFERRABLE INITIALLY DEFERRED;


--
-- PostgreSQL database dump complete
--

